{
  "manifest_version": 3,
  "version": "0.1.0",
  "version_name": "Version 1.0.0",
  "name": "Satellites",
  "description": "An offline Macro User Flow Tool designed to serve up useful snippets and deeply integrate with your favorite tools!",
  "background": {
    "service_worker": "background.js"
  },
  "permissions": ["activeTab", "scripting", "contextMenus"],
  "action": {
    "default_popup": "index.html",
    "default_icon": {
      "16": "icons/33.png",
      "32": "icons/33.png",
      "48": "icons/33.png",
      "128": "icons/33.png"
    }
  },

  "content_security_policy": {
    "extension_pages": "script-src 'self'; object-src 'self'; script-src-elem 'self' wasm-unsafe-eval https://unpkg.com;"
  },
  "commands": {
    "inject-script": {
      "suggested_key": {
        "windows": "Ctrl+Shift+A",
        "mac": "Command+Shift+A"
      },
      "description": "inject-script",
      "global": true
    }
  }
}
